EmployeeID,FirstName,LastName,Role,Salary,Phone,Email
1,Ashley,Lee,Accountant,55193,(528)688-1488,ashleylee8353@dreamhomes.com
2,Sandra,Garcia,Accountant,51183,(377)923-0954,sandragarcia6816@dreamhomes.com
3,Mary,Davis,Receptionist,37969,(575)466-3929,marydavis1342@dreamhomes.com
4,Ashley,Sanchez,IT,93078,(481)134-2815,ashleysanchez2421@dreamhomes.com
5,Susan,Johnson,Receptionist,38614,(339)288-3868,susanjohnson4836@dreamhomes.com
6,Lisa,Smith,Accountant,63899,(118)959-5921,lisasmith7394@dreamhomes.com
7,Mary,Perez,Receptionist,33144,(970)818-0934,maryperez5517@dreamhomes.com
8,Matthew,Thomas,IT,80559,(982)906-2936,matthewthomas5161@dreamhomes.com
9,Anthony,Thompson,Accountant,67143,(796)712-0271,anthonythompson5120@dreamhomes.com
10,Emily,Jones,Manager,107190,(345)585-0134,emilyjones2018@dreamhomes.com
11,Mark,Harris,IT,115922,(582)665-1527,markharris7007@dreamhomes.com
12,Charles,Rodriguez,Manager,102391,(401)319-9033,charlesrodriguez8637@dreamhomes.com
13,Elizabeth,Harris,Receptionist,35293,(720)886-2535,elizabethharris2779@dreamhomes.com
14,Paul,Jackson,Sales,43799,(745)945-4698,pauljackson2642@dreamhomes.com
15,Daniel,Martin,Manager,102515,(753)312-3326,danielmartin1942@dreamhomes.com
16,John,Wilson,Sales,47134,(460)190-2835,johnwilson7328@dreamhomes.com
17,Betty,Jackson,Accountant,65102,(864)928-3947,bettyjackson7903@dreamhomes.com
18,Karen,Brown,Manager,90313,(226)302-0146,karenbrown9702@dreamhomes.com
19,Richard,White,Manager,113197,(602)535-0316,richardwhite9616@dreamhomes.com
20,Robert,Wright,Manager,126302,(737)842-7446,robertwright2456@dreamhomes.com
21,Robert,Williams,Receptionist,37367,(481)134-2815,robertwilliams3602@dreamhomes.com
22,Anthony,Young,IT,112458,(852)940-7016,anthonyyoung2477@dreamhomes.com
23,Joseph,Garcia,Receptionist,35426,(639)964-6653,josephgarcia8495@dreamhomes.com
24,Thomas,Torres,Accountant,59766,(927)149-9880,thomastorres6688@dreamhomes.com
25,William,Wright,Accountant,51331,(415)346-1449,williamwright6316@dreamhomes.com
26,Linda,Gonzalez,IT,105047,(209)417-7112,lindagonzalez4785@dreamhomes.com
27,Karen,Scott,IT,89665,(489)164-4840,karenscott4424@dreamhomes.com
28,David,Thomas,IT,102123,(415)397-6634,davidthomas3026@dreamhomes.com
29,Donald,Wilson,Sales,40713,(515)416-1513,donaldwilson9128@dreamhomes.com
30,James,Jackson,Accountant,66567,(438)162-3023,jamesjackson3059@dreamhomes.com
31,David,Wright,Manager,96299,(834)623-5805,davidwright9211@dreamhomes.com
32,Betty,Williams,Manager,112735,(804)119-1177,bettywilliams9927@dreamhomes.com
33,Paul,White,Manager,113340,(329)974-2035,paulwhite6799@dreamhomes.com
34,Donald,Allen,IT,82676,(687)969-6692,donaldallen9123@dreamhomes.com
35,Sandra,Jones,IT,85142,(143)269-2842,sandrajones9777@dreamhomes.com
36,Dorothy,Anderson,IT,84811,(503)636-3524,dorothyanderson5528@dreamhomes.com
37,William,Gonzalez,Receptionist,33212,(732)367-182,williamgonzalez6424@dreamhomes.com
38,Donald,Moore,Manager,122289,(528)688-1488,donaldmoore7642@dreamhomes.com
39,Steven,Hill,Accountant,55149,(868)273-6912,stevenhill2052@dreamhomes.com
40,Lisa,Jackson,IT,82346,(170)104-9183,lisajackson6831@dreamhomes.com
41,Barbara,Clark,Manager,108927,(270)327-9742,barbaraclark2574@dreamhomes.com
42,Christopher,Clark,Manager,124705,(496)915-5238,christopherclark9634@dreamhomes.com
43,Susan,Davis,IT,92101,(241)449-5273,susandavis5190@dreamhomes.com
44,Elizabeth,Ramirez,Manager,103963,(206)090-843,elizabethramirez8266@dreamhomes.com
45,Richard,Martinez,IT,84760,(396)161-1750,richardmartinez6397@dreamhomes.com
46,Paul,Lopez,Accountant,61451,(113)515-0730,paullopez4453@dreamhomes.com
47,Richard,Nguyen,Accountant,53809,(176)033-0414,richardnguyen1878@dreamhomes.com
48,Lisa,Perez,Receptionist,36927,(265)042-5248,lisaperez9948@dreamhomes.com
49,Sandra,Martinez,Manager,119418,(970)745-3376,sandramartinez7786@dreamhomes.com
50,Michael,Jones,Manager,95285,(830)685-5515,michaeljones9068@dreamhomes.com
51,David,Ramirez,Accountant,63297,(856)463-6713,davidramirez1583@dreamhomes.com
52,Mary,Smith,Accountant,68419,(298)899-5186,marysmith7582@dreamhomes.com
53,Nancy,Moore,Accountant,68503,(856)463-6713,nancymoore8295@dreamhomes.com
54,Robert,Harris,IT,84997,(496)915-5238,robertharris3636@dreamhomes.com
55,David,Allen,Receptionist,36212,(800)474-2906,davidallen5218@dreamhomes.com
56,Joseph,White,Receptionist,34689,(970)818-0934,josephwhite8696@dreamhomes.com
57,Steven,Perez,Manager,108376,(884)310-0972,stevenperez8338@dreamhomes.com
58,Steven,Nguyen,Sales,47957,(103)476-3654,stevennguyen3231@dreamhomes.com
59,Joshua,Smith,IT,118460,(678)378-982,joshuasmith6525@dreamhomes.com
60,Sandra,Hernandez,IT,88202,(527)204-2691,sandrahernandez2145@dreamhomes.com
61,Daniel,Jackson,Receptionist,39309,(155)196-7599,danieljackson4595@dreamhomes.com
62,Ashley,Taylor,Sales,43690,(262)904-9141,ashleytaylor9497@dreamhomes.com
63,Emily,White,IT,91241,(115)568-8561,emilywhite7269@dreamhomes.com
64,Richard,Wright,Sales,50947,(183)559-9090,richardwright5460@dreamhomes.com
65,Jessica,Nguyen,IT,107803,(965)693-3392,jessicanguyen3208@dreamhomes.com
66,Ashley,Taylor,Sales,59443,(170)104-9183,ashleytaylor9081@dreamhomes.com
67,Dorothy,Perez,Receptionist,35838,(639)813-4835,dorothyperez4744@dreamhomes.com
68,James,Scott,Manager,90919,(116)215-2965,jamesscott8949@dreamhomes.com
69,Joseph,Clark,Accountant,67408,(515)297-9403,josephclark4301@dreamhomes.com
70,Elizabeth,Garcia,Sales,50563,(927)149-9880,elizabethgarcia8885@dreamhomes.com
71,Sarah,Lee,Manager,104152,(496)915-5238,sarahlee6108@dreamhomes.com
72,Betty,Walker,Receptionist,37114,(837)311-4017,bettywalker8973@dreamhomes.com
73,Robert,Jones,Accountant,55390,(310)500-1505,robertjones1511@dreamhomes.com
74,Joseph,Martin,Manager,119096,(927)149-9880,josephmartin1623@dreamhomes.com
75,Robert,Young,Accountant,50402,(969)456-9288,robertyoung5216@dreamhomes.com
76,Anthony,Nguyen,Accountant,63406,(927)149-9880,anthonynguyen3389@dreamhomes.com
77,Joshua,Gonzalez,Manager,102072,(946)508-9517,joshuagonzalez5163@dreamhomes.com
78,Nancy,Taylor,IT,83789,(387)865-7242,nancytaylor5688@dreamhomes.com
79,Elizabeth,Moore,IT,104997,(895)662-9477,elizabethmoore5873@dreamhomes.com
80,Donald,Walker,Receptionist,32679,(947)976-5855,donaldwalker2712@dreamhomes.com
81,Joshua,Wright,IT,100029,(517)558-4948,joshuawright1297@dreamhomes.com
82,John,Lopez,Manager,101775,(610)863-755,johnlopez4980@dreamhomes.com
83,Daniel,Williams,Accountant,61808,(804)119-1177,danielwilliams9431@dreamhomes.com
84,Andrew,White,IT,109540,(209)417-7112,andrewwhite5036@dreamhomes.com
85,Andrew,Johnson,IT,110006,(168)788-1215,andrewjohnson1797@dreamhomes.com
86,Lisa,Brown,IT,109461,(769)882-7418,lisabrown1171@dreamhomes.com
87,Paul,Robinson,Sales,40214,(796)712-0271,paulrobinson5039@dreamhomes.com
88,Joshua,Jones,Manager,93116,(438)162-3023,joshuajones5948@dreamhomes.com
89,Joseph,Wright,IT,103267,(103)730-4338,josephwright2227@dreamhomes.com
90,John,Gonzalez,Manager,91562,(191)445-3416,johngonzalez1782@dreamhomes.com
91,Kimberly,Martin,Sales,55182,(499)980-8588,kimberlymartin9685@dreamhomes.com
92,David,Nguyen,Sales,49576,(575)529-5703,davidnguyen7194@dreamhomes.com
93,John,Ramirez,Receptionist,39523,(804)119-1177,johnramirez1258@dreamhomes.com
94,Anthony,Martin,Receptionist,39592,(415)397-6634,anthonymartin6286@dreamhomes.com
95,William,Sanchez,IT,115255,(920)425-7014,williamsanchez1800@dreamhomes.com
96,Charles,Walker,Manager,107922,(696)922-2731,charleswalker8511@dreamhomes.com
97,David,Thomas,Accountant,53959,(982)847-2022,davidthomas7568@dreamhomes.com
98,Susan,Moore,Sales,48915,(692)075-3230,susanmoore8391@dreamhomes.com
99,Andrew,Rodriguez,Manager,102421,(298)362-4479,andrewrodriguez6828@dreamhomes.com
100,Joshua,Lee,Manager,95290,(745)945-4698,joshualee3914@dreamhomes.com
101,Matthew,Robinson,IT,116097,(834)623-5805,matthewrobinson1488@dreamhomes.com
102,Jessica,Martinez,Accountant,56631,(533)605-3199,jessicamartinez4003@dreamhomes.com
103,Sandra,Thomas,Sales,50293,(825)383-513,sandrathomas6213@dreamhomes.com
104,Barbara,Wright,Accountant,57685,(640)620-200,barbarawright4270@dreamhomes.com
105,Paul,Brown,Manager,97151,(970)818-0934,paulbrown3795@dreamhomes.com
106,Emily,Walker,Manager,114567,(970)745-3376,emilywalker6350@dreamhomes.com
107,Susan,Taylor,Sales,57492,(867)856-0335,susantaylor7230@dreamhomes.com
108,Patricia,Perez,Accountant,69088,(834)605-3548,patriciaperez6499@dreamhomes.com
109,Anthony,Allen,Receptionist,39391,(353)580-1361,anthonyallen5361@dreamhomes.com
110,Linda,Perez,Manager,115865,(804)119-1177,lindaperez2236@dreamhomes.com
111,Charles,Perez,Receptionist,34789,(269)071-014,charlesperez2366@dreamhomes.com
112,Lisa,Walker,Sales,58268,(884)310-0972,lisawalker1410@dreamhomes.com
113,John,Gonzalez,Manager,114807,(331)380-4506,johngonzalez9217@dreamhomes.com
114,James,Clark,Sales,45669,(665)633-1152,jamesclark4564@dreamhomes.com
115,Mark,Hill,Sales,52621,(575)529-5703,markhill2396@dreamhomes.com
116,Patricia,Scott,Accountant,51784,(930)497-7363,patriciascott3799@dreamhomes.com
117,Susan,Sanchez,Receptionist,32743,(888)684-8962,susansanchez3756@dreamhomes.com
118,Lisa,Walker,Manager,96943,(678)378-982,lisawalker8560@dreamhomes.com
119,Kimberly,Garcia,IT,99739,(753)312-3326,kimberlygarcia5882@dreamhomes.com
120,Margaret,Thomas,Receptionist,33229,(517)558-4948,margaretthomas9628@dreamhomes.com
121,Kimberly,Jones,IT,113574,(353)580-1361,kimberlyjones3471@dreamhomes.com
122,Christopher,Moore,Manager,127052,(241)876-5576,christophermoore5878@dreamhomes.com
123,Steven,Martinez,Receptionist,37019,(438)162-3023,stevenmartinez6211@dreamhomes.com
124,Kimberly,Brown,Accountant,66134,(574)922-9433,kimberlybrown6941@dreamhomes.com
125,Jennifer,White,Manager,117146,(503)636-3524,jenniferwhite9372@dreamhomes.com
126,Karen,Torres,Sales,44489,(852)940-7016,karentorres6799@dreamhomes.com
127,Barbara,Jackson,Accountant,63155,(895)662-9477,barbarajackson6507@dreamhomes.com
128,Jessica,Hernandez,Accountant,65453,(753)312-3326,jessicahernandez2578@dreamhomes.com
129,Betty,Garcia,Sales,52163,(783)510-086,bettygarcia8728@dreamhomes.com
130,Joshua,Miller,IT,106095,(998)593-7300,joshuamiller9326@dreamhomes.com
131,Robert,Johnson,Receptionist,39379,(674)876-3873,robertjohnson3547@dreamhomes.com
132,Patricia,Harris,Accountant,58127,(888)684-8962,patriciaharris6713@dreamhomes.com
133,Mary,Martin,Sales,40363,(837)311-4017,marymartin9542@dreamhomes.com
134,Richard,Williams,Accountant,51730,(721)132-628,richardwilliams2105@dreamhomes.com
135,James,Lopez,Sales,52882,(494)697-0596,jameslopez1053@dreamhomes.com
136,Mark,Hill,IT,85498,(509)433-5134,markhill2111@dreamhomes.com
137,Richard,Davis,Accountant,52770,(143)269-2842,richarddavis3218@dreamhomes.com
138,Barbara,Lopez,Accountant,54279,(769)120-8463,barbaralopez3790@dreamhomes.com
139,Andrew,Brown,Receptionist,38338,(930)899-8276,andrewbrown9524@dreamhomes.com
140,Michael,Harris,Manager,100330,(103)476-3654,michaelharris3386@dreamhomes.com
141,Michael,Allen,Accountant,67809,(818)115-7238,michaelallen4670@dreamhomes.com
142,Lisa,Sanchez,Manager,119132,(745)945-4698,lisasanchez4936@dreamhomes.com
143,Michael,Hill,Manager,121128,(528)688-1488,michaelhill6445@dreamhomes.com
144,Jessica,Smith,IT,118738,(742)872-8749,jessicasmith6218@dreamhomes.com
145,Andrew,Martin,Manager,90462,(654)605-6734,andrewmartin5535@dreamhomes.com
146,Andrew,Thompson,Receptionist,33286,(412)740-6182,andrewthompson7204@dreamhomes.com
147,Robert,Williams,Sales,41394,(499)980-8588,robertwilliams2276@dreamhomes.com
148,Linda,Jones,Sales,53837,(868)273-6912,lindajones3400@dreamhomes.com
149,Michael,Johnson,Sales,57167,(269)071-014,michaeljohnson5853@dreamhomes.com
150,Susan,Lewis,Manager,122964,(283)409-9298,susanlewis8700@dreamhomes.com
151,Sandra,Hill,Accountant,58007,(496)915-5238,sandrahill6889@dreamhomes.com
152,Matthew,Taylor,Manager,124939,(329)974-2035,matthewtaylor3544@dreamhomes.com
153,Karen,Sanchez,Accountant,59524,(636)886-2282,karensanchez2547@dreamhomes.com
154,Matthew,Robinson,Sales,46051,(171)019-9554,matthewrobinson9451@dreamhomes.com
155,Linda,Young,Sales,51004,(516)914-8105,lindayoung9720@dreamhomes.com
156,Jessica,Sanchez,IT,80046,(489)238-4155,jessicasanchez9931@dreamhomes.com
157,Elizabeth,Johnson,Sales,48847,(970)818-0934,elizabethjohnson2127@dreamhomes.com
158,Mary,Martinez,Manager,125034,(191)445-3416,marymartinez2579@dreamhomes.com
159,Mary,Williams,Manager,107606,(318)313-5757,marywilliams6294@dreamhomes.com
160,David,Jackson,Manager,127348,(649)323-252,davidjackson3482@dreamhomes.com
161,Anthony,Taylor,Manager,126204,(753)312-3326,anthonytaylor9582@dreamhomes.com
162,Thomas,Wright,IT,112978,(867)856-0335,thomaswright7598@dreamhomes.com
163,Linda,Perez,IT,104720,(462)038-3422,lindaperez7386@dreamhomes.com
164,Joshua,Brown,Accountant,66788,(241)876-5576,joshuabrown3386@dreamhomes.com
165,Anthony,Wright,Accountant,56116,(489)238-4155,anthonywright8227@dreamhomes.com
166,Charles,Martinez,Accountant,62987,(123)369-1215,charlesmartinez1099@dreamhomes.com
167,Andrew,Harris,Sales,49445,(226)302-0146,andrewharris9194@dreamhomes.com
168,Jessica,Anderson,IT,102827,(769)120-8463,jessicaanderson1770@dreamhomes.com
169,Matthew,Harris,Accountant,69526,(665)633-1152,matthewharris9025@dreamhomes.com
170,Steven,Wilson,Sales,53054,(888)062-2577,stevenwilson2542@dreamhomes.com
171,Jessica,Johnson,Manager,101576,(253)023-7104,jessicajohnson8253@dreamhomes.com
172,Thomas,Hernandez,Receptionist,36683,(796)712-0271,thomashernandez9255@dreamhomes.com
173,Anthony,Lewis,IT,86555,(737)842-7446,anthonylewis9802@dreamhomes.com
174,Emily,Nguyen,Accountant,55750,(444)928-9337,emilynguyen1276@dreamhomes.com
175,Thomas,Martinez,Sales,40293,(568)649-84,thomasmartinez1560@dreamhomes.com
176,William,Jackson,Manager,101209,(639)813-4835,williamjackson4954@dreamhomes.com
177,Betty,Martinez,Receptionist,36906,(328)424-9466,bettymartinez9801@dreamhomes.com
178,Christopher,Walker,IT,100611,(483)264-8822,christopherwalker7877@dreamhomes.com
179,Emily,Rodriguez,IT,95609,(669)551-8254,emilyrodriguez4131@dreamhomes.com
180,Steven,Williams,Accountant,69206,(483)264-8822,stevenwilliams7844@dreamhomes.com
181,Dorothy,Lopez,Receptionist,39607,(689)799-6218,dorothylopez6311@dreamhomes.com
182,Michael,Perez,Manager,123631,(170)104-9183,michaelperez2789@dreamhomes.com
183,Patricia,Wright,Manager,116303,(800)474-2906,patriciawright8347@dreamhomes.com
184,John,Anderson,Accountant,54119,(343)379-6383,johnanderson6827@dreamhomes.com
185,Susan,Sanchez,Sales,51293,(494)697-0596,susansanchez1346@dreamhomes.com
186,Betty,Harris,IT,119342,(415)346-1449,bettyharris1816@dreamhomes.com
187,Richard,Sanchez,Accountant,69724,(742)872-8749,richardsanchez3194@dreamhomes.com
188,Richard,Smith,Receptionist,30304,(602)515-9739,richardsmith4312@dreamhomes.com
189,Joshua,Hill,Accountant,55011,(517)558-4948,joshuahill2623@dreamhomes.com
190,Kimberly,Jones,Sales,51998,(970)818-0934,kimberlyjones2793@dreamhomes.com
191,Linda,Robinson,Sales,56649,(529)674-1981,lindarobinson6731@dreamhomes.com
192,Betty,Robinson,Sales,50029,(226)302-0146,bettyrobinson1304@dreamhomes.com
193,Emily,Martinez,IT,119052,(852)940-7016,emilymartinez4400@dreamhomes.com
194,Thomas,Johnson,Manager,112737,(329)974-2035,thomasjohnson9044@dreamhomes.com
195,Matthew,King,Accountant,54784,(745)945-4698,matthewking2075@dreamhomes.com
196,Joseph,Smith,IT,96755,(374)122-2267,josephsmith5540@dreamhomes.com
197,Andrew,King,Manager,115620,(381)708-9951,andrewking3121@dreamhomes.com
198,Charles,Perez,Accountant,57563,(602)515-9739,charlesperez2334@dreamhomes.com
199,Barbara,King,Accountant,52500,(420)314-5790,barbaraking5695@dreamhomes.com
200,Ashley,Garcia,Sales,57780,(363)307-8568,ashleygarcia1892@dreamhomes.com
201,David,Sanchez,Accountant,57218,(363)307-8568,davidsanchez8253@dreamhomes.com
202,Steven,Young,Manager,100839,(225)604-9792,stevenyoung7649@dreamhomes.com
203,Jessica,King,IT,83375,(136)435-7967,jessicaking2637@dreamhomes.com
204,Anthony,Martin,Receptionist,38237,(118)959-5921,anthonymartin2101@dreamhomes.com
205,Thomas,Perez,Sales,47409,(825)383-513,thomasperez5731@dreamhomes.com
206,Mary,Anderson,Sales,45312,(837)311-4017,maryanderson6053@dreamhomes.com
207,Paul,Jones,Accountant,51882,(391)626-8015,pauljones6115@dreamhomes.com
208,Sarah,Garcia,Receptionist,34790,(997)372-5796,sarahgarcia9872@dreamhomes.com
209,Anthony,King,Sales,59533,(720)886-2535,anthonyking2669@dreamhomes.com
210,Lisa,Moore,Sales,51288,(773)943-8901,lisamoore8410@dreamhomes.com
211,James,Lee,Accountant,62615,(695)192-0680,jameslee8305@dreamhomes.com
212,Jennifer,Williams,Manager,101372,(930)497-7363,jenniferwilliams9228@dreamhomes.com
213,Barbara,Wright,Receptionist,31413,(202)322-2039,barbarawright3732@dreamhomes.com
214,Dorothy,Rodriguez,Manager,103891,(676)398-7481,dorothyrodriguez6337@dreamhomes.com
215,Lisa,Harris,Receptionist,37037,(515)416-1513,lisaharris3663@dreamhomes.com
216,Jessica,Torres,Manager,108601,(170)104-9183,jessicatorres7340@dreamhomes.com
217,Mark,Sanchez,Sales,56723,(517)677-8995,marksanchez9724@dreamhomes.com
218,Anthony,Hernandez,Accountant,55453,(357)828-9760,anthonyhernandez6888@dreamhomes.com
219,William,Lee,Receptionist,38503,(557)126-8309,williamlee1261@dreamhomes.com
220,Emily,Wright,Accountant,65390,(202)206-4045,emilywright1798@dreamhomes.com
221,Ashley,Allen,IT,111206,(328)272-7234,ashleyallen4686@dreamhomes.com
222,Robert,Allen,Sales,48273,(191)445-3416,robertallen1503@dreamhomes.com
223,Margaret,Nguyen,IT,108339,(421)355-0068,margaretnguyen7039@dreamhomes.com
224,Elizabeth,Hill,Accountant,67643,(236)674-6934,elizabethhill5193@dreamhomes.com
225,Donald,Thomas,Receptionist,34733,(834)605-3548,donaldthomas6975@dreamhomes.com
226,Thomas,Jones,Sales,43901,(824)613-2058,thomasjones4650@dreamhomes.com
227,Elizabeth,Nguyen,IT,112888,(834)605-3548,elizabethnguyen7394@dreamhomes.com
228,Ashley,Rodriguez,Receptionist,30183,(558)317-4278,ashleyrodriguez4882@dreamhomes.com
229,Andrew,Torres,Receptionist,31632,(128)365-0548,andrewtorres6239@dreamhomes.com
230,Patricia,King,Manager,129827,(742)872-8749,patriciaking5734@dreamhomes.com
231,Elizabeth,Wright,Sales,55544,(345)585-0134,elizabethwright3629@dreamhomes.com
232,Charles,Lopez,Receptionist,34875,(365)510-4677,charleslopez9686@dreamhomes.com
233,Emily,Johnson,Receptionist,34694,(131)043-554,emilyjohnson3209@dreamhomes.com
234,Nancy,Perez,Sales,55027,(288)712-2031,nancyperez8766@dreamhomes.com
235,Dorothy,Moore,Sales,43211,(749)428-8804,dorothymoore4482@dreamhomes.com
236,Karen,Harris,Accountant,59839,(463)970-8414,karenharris9674@dreamhomes.com
237,Sarah,Scott,IT,119547,(603)870-389,sarahscott2083@dreamhomes.com
238,Mary,Thompson,Sales,54087,(732)367-182,marythompson8905@dreamhomes.com
239,Karen,Moore,Accountant,61154,(928)315-9592,karenmoore9744@dreamhomes.com
240,Richard,Young,Manager,129932,(389)943-9551,richardyoung2766@dreamhomes.com
241,Dorothy,Thompson,IT,83815,(593)422-4313,dorothythompson9215@dreamhomes.com
242,Linda,Young,Manager,115058,(365)510-4677,lindayoung8922@dreamhomes.com
243,James,Nguyen,Sales,59335,(153)032-6058,jamesnguyen3201@dreamhomes.com
244,Margaret,Johnson,Sales,59382,(716)115-9475,margaretjohnson2385@dreamhomes.com
245,Susan,Allen,Accountant,58697,(184)042-342,susanallen9520@dreamhomes.com
246,Kimberly,White,Accountant,56409,(720)886-2535,kimberlywhite5153@dreamhomes.com
247,Thomas,Ramirez,Receptionist,32431,(927)149-9880,thomasramirez3281@dreamhomes.com
248,Robert,Lee,Accountant,51435,(928)315-9592,robertlee3163@dreamhomes.com
249,Jennifer,Taylor,Receptionist,31635,(884)310-0972,jennifertaylor2419@dreamhomes.com
250,Patricia,Smith,Receptionist,39618,(131)180-4424,patriciasmith4773@dreamhomes.com
251,Kimberly,Sanchez,Sales,44217,(202)206-4045,kimberlysanchez8166@dreamhomes.com
252,Barbara,Wright,IT,88079,(387)865-7242,barbarawright8068@dreamhomes.com
253,Richard,Hill,IT,89875,(462)038-3422,richardhill8450@dreamhomes.com
254,Michael,Brown,IT,103719,(593)422-4313,michaelbrown7992@dreamhomes.com
255,Christopher,Moore,IT,110779,(639)964-6653,christophermoore2684@dreamhomes.com
256,Karen,Rodriguez,Manager,91672,(527)204-2691,karenrodriguez7126@dreamhomes.com
257,Steven,Robinson,Manager,101499,(560)116-0960,stevenrobinson4282@dreamhomes.com
258,Kimberly,Allen,Manager,91544,(201)423-6778,kimberlyallen3340@dreamhomes.com
259,Jennifer,Lee,Sales,48063,(497)129-8432,jenniferlee6210@dreamhomes.com
260,Linda,Jackson,Sales,42242,(333)139-9589,lindajackson1386@dreamhomes.com
261,Mark,King,Receptionist,34249,(773)943-8901,markking5979@dreamhomes.com
262,Susan,Clark,Manager,112019,(298)899-5186,susanclark9217@dreamhomes.com
263,Karen,Sanchez,IT,107310,(769)882-7418,karensanchez4498@dreamhomes.com
264,Kimberly,Miller,IT,111370,(796)727-3536,kimberlymiller2764@dreamhomes.com
265,Thomas,Lee,IT,88002,(211)311-1037,thomaslee8993@dreamhomes.com
266,William,Thomas,IT,99343,(753)312-3326,williamthomas7997@dreamhomes.com
267,Richard,Nguyen,IT,115964,(864)928-3947,richardnguyen7041@dreamhomes.com
268,Kimberly,White,Receptionist,35591,(649)323-252,kimberlywhite5339@dreamhomes.com
269,Barbara,Martin,Manager,114938,(796)727-3536,barbaramartin8489@dreamhomes.com
270,Paul,Smith,Manager,96084,(553)375-7965,paulsmith1757@dreamhomes.com
271,John,Moore,Accountant,59669,(941)775-1533,johnmoore8013@dreamhomes.com
272,Dorothy,Brown,IT,104780,(961)585-5574,dorothybrown7338@dreamhomes.com
273,Dorothy,Moore,Manager,107642,(241)876-5576,dorothymoore3849@dreamhomes.com
274,Betty,Davis,Manager,100757,(557)126-8309,bettydavis9007@dreamhomes.com
275,Joshua,Young,Receptionist,33117,(321)694-7264,joshuayoung9533@dreamhomes.com
276,Steven,Allen,Receptionist,38090,(441)534-9481,stevenallen6449@dreamhomes.com
277,Jessica,Allen,Receptionist,32683,(830)810-375,jessicaallen9806@dreamhomes.com
278,Charles,King,Sales,44110,(367)237-3822,charlesking1530@dreamhomes.com
279,Ashley,Taylor,Accountant,61857,(834)605-3548,ashleytaylor1021@dreamhomes.com
280,Donald,Jones,Accountant,66695,(768)128-4555,donaldjones7046@dreamhomes.com
281,David,Jackson,Receptionist,39869,(802)259-4902,davidjackson4826@dreamhomes.com
282,Robert,Young,Receptionist,30844,(732)367-182,robertyoung2061@dreamhomes.com
283,Betty,Lewis,Sales,56010,(818)115-7238,bettylewis2047@dreamhomes.com
284,Margaret,Perez,Manager,126297,(230)753-6759,margaretperez1551@dreamhomes.com
285,Elizabeth,Martin,Accountant,54476,(357)828-9760,elizabethmartin9517@dreamhomes.com
286,Anthony,Johnson,IT,98262,(515)416-1513,anthonyjohnson7994@dreamhomes.com
287,John,Harris,IT,107125,(128)365-0548,johnharris1164@dreamhomes.com
288,John,Martinez,Accountant,60563,(856)463-6713,johnmartinez9821@dreamhomes.com
289,Paul,Taylor,Manager,96126,(610)863-755,paultaylor7978@dreamhomes.com
290,Anthony,Perez,Receptionist,33423,(529)674-1981,anthonyperez1989@dreamhomes.com
291,William,Torres,Receptionist,32426,(783)510-086,williamtorres6044@dreamhomes.com
292,Karen,Smith,Receptionist,34388,(862)294-2274,karensmith9599@dreamhomes.com
293,Andrew,Brown,Sales,52807,(489)164-4840,andrewbrown6921@dreamhomes.com
294,Matthew,Jones,Accountant,52317,(329)974-2035,matthewjones5185@dreamhomes.com
295,Sarah,King,Accountant,59483,(977)545-1233,sarahking5223@dreamhomes.com
296,Ashley,King,Manager,109785,(998)593-7300,ashleyking6127@dreamhomes.com
297,Michael,Hill,Manager,103180,(773)943-8901,michaelhill4188@dreamhomes.com
298,Emily,Williams,Accountant,66528,(899)182-6503,emilywilliams3336@dreamhomes.com
299,Jessica,Sanchez,Accountant,69606,(998)593-7300,jessicasanchez2046@dreamhomes.com
300,Robert,Jackson,Sales,46082,(310)084-6393,robertjackson6019@dreamhomes.com
301,Emily,Garcia,IT,100421,(516)914-8105,emilygarcia8705@dreamhomes.com
302,Christopher,Walker,Sales,55353,(888)062-2577,christopherwalker6548@dreamhomes.com
303,Jennifer,Gonzalez,Receptionist,35446,(961)585-5574,jennifergonzalez6604@dreamhomes.com
304,Nancy,Rodriguez,Sales,50285,(676)398-7481,nancyrodriguez9088@dreamhomes.com
305,Steven,Harris,Manager,110380,(170)644-9018,stevenharris8237@dreamhomes.com
306,Sarah,Ramirez,Accountant,63166,(965)693-3392,sarahramirez1470@dreamhomes.com
307,Michael,Rodriguez,IT,119109,(310)500-1505,michaelrodriguez7899@dreamhomes.com
308,Charles,Jackson,Accountant,65546,(226)302-0146,charlesjackson4804@dreamhomes.com
309,Anthony,Walker,Receptionist,31799,(985)852-6410,anthonywalker1261@dreamhomes.com
310,Matthew,Taylor,Manager,91711,(509)433-5134,matthewtaylor6537@dreamhomes.com
311,Barbara,Sanchez,Accountant,53349,(593)422-4313,barbarasanchez7127@dreamhomes.com
312,Susan,Harris,IT,89367,(735)213-0934,susanharris5288@dreamhomes.com
313,Mary,Walker,IT,92988,(533)605-3199,marywalker7577@dreamhomes.com
314,Patricia,Martinez,Accountant,63032,(783)510-086,patriciamartinez7285@dreamhomes.com
315,Ashley,Wilson,IT,97453,(928)315-9592,ashleywilson6189@dreamhomes.com
316,Jessica,Lewis,Sales,55213,(191)445-3416,jessicalewis6397@dreamhomes.com
317,Dorothy,Hernandez,IT,85241,(179)371-3306,dorothyhernandez7050@dreamhomes.com
318,Joshua,Nguyen,Sales,54901,(499)980-8588,joshuanguyen4898@dreamhomes.com
319,Michael,Williams,Accountant,64717,(387)865-7242,michaelwilliams3924@dreamhomes.com
320,Michael,Martin,Receptionist,32690,(377)923-0954,michaelmartin2615@dreamhomes.com
321,Christopher,Taylor,Receptionist,31997,(725)762-5289,christophertaylor5444@dreamhomes.com
322,John,Williams,Accountant,56216,(353)580-1361,johnwilliams7757@dreamhomes.com
323,Ashley,Wright,Manager,103846,(564)225-0647,ashleywright2390@dreamhomes.com
324,Sandra,Moore,IT,102286,(605)414-0624,sandramoore4856@dreamhomes.com
325,Michael,Martin,Manager,122693,(979)796-0500,michaelmartin9893@dreamhomes.com
326,Daniel,Hernandez,Accountant,54272,(184)042-342,danielhernandez4880@dreamhomes.com
327,Nancy,Clark,Sales,51185,(156)727-0650,nancyclark1931@dreamhomes.com
328,Linda,Garcia,Sales,44033,(330)126-5897,lindagarcia9393@dreamhomes.com
329,Ashley,Ramirez,IT,94795,(488)975-1806,ashleyramirez8133@dreamhomes.com
330,Barbara,Martin,Accountant,62369,(529)674-1981,barbaramartin6300@dreamhomes.com
331,Daniel,Torres,Sales,49598,(804)119-1177,danieltorres8503@dreamhomes.com
332,Jennifer,Gonzalez,Sales,44388,(787)073-3353,jennifergonzalez5647@dreamhomes.com
333,Kimberly,Johnson,Sales,47518,(745)945-4698,kimberlyjohnson5999@dreamhomes.com
334,Sarah,Sanchez,Receptionist,33847,(446)730-7301,sarahsanchez6819@dreamhomes.com
335,Jennifer,Anderson,Accountant,59106,(260)918-9778,jenniferanderson3541@dreamhomes.com
336,Emily,Robinson,Receptionist,30591,(241)876-5576,emilyrobinson1113@dreamhomes.com
337,James,Miller,Sales,59353,(121)636-7394,jamesmiller9036@dreamhomes.com
338,Jennifer,Allen,Receptionist,35258,(872)656-4276,jenniferallen2176@dreamhomes.com
339,Jessica,Lewis,Sales,46027,(927)149-9880,jessicalewis8593@dreamhomes.com
340,Paul,Hernandez,Manager,102344,(438)162-3023,paulhernandez8053@dreamhomes.com
341,Steven,Smith,Sales,58897,(270)327-9742,stevensmith5984@dreamhomes.com
342,Christopher,Torres,IT,99244,(386)850-4061,christophertorres4060@dreamhomes.com
343,Elizabeth,Garcia,Sales,55591,(872)656-4276,elizabethgarcia8109@dreamhomes.com
344,Lisa,Jones,Receptionist,37173,(529)674-1981,lisajones1492@dreamhomes.com
345,Mark,Thomas,Sales,51842,(749)428-8804,markthomas1536@dreamhomes.com
346,Lisa,Nguyen,Sales,57082,(941)775-1533,lisanguyen4371@dreamhomes.com
347,Richard,Wright,IT,93421,(800)038-1166,richardwright6859@dreamhomes.com
348,Donald,Williams,Receptionist,35926,(462)038-3422,donaldwilliams1856@dreamhomes.com
349,Christopher,Perez,Receptionist,34731,(154)719-3974,christopherperez5025@dreamhomes.com
350,Daniel,Martinez,Manager,96845,(222)862-0385,danielmartinez5135@dreamhomes.com
351,Joshua,Garcia,Accountant,53074,(276)546-0452,joshuagarcia6326@dreamhomes.com
352,Margaret,Taylor,Accountant,50882,(543)476-7504,margarettaylor5274@dreamhomes.com
353,Ashley,Taylor,Manager,118017,(982)906-2936,ashleytaylor8985@dreamhomes.com
354,Sandra,Martinez,Sales,50392,(862)294-2274,sandramartinez3091@dreamhomes.com
355,Barbara,Lewis,Manager,120955,(298)362-4479,barbaralewis4225@dreamhomes.com
356,Linda,Hill,Manager,121903,(888)062-2577,lindahill5173@dreamhomes.com
357,William,Thompson,Accountant,63255,(796)727-3536,williamthompson3281@dreamhomes.com
358,Dorothy,Anderson,Receptionist,35257,(982)906-2936,dorothyanderson4235@dreamhomes.com
359,Barbara,Sanchez,Sales,48238,(689)087-893,barbarasanchez8850@dreamhomes.com
360,Margaret,Hill,Sales,58592,(569)280-9018,margarethill1939@dreamhomes.com
361,Barbara,Robinson,Accountant,55080,(517)558-4948,barbararobinson5820@dreamhomes.com
362,Joshua,Martin,Accountant,63856,(696)922-2731,joshuamartin9380@dreamhomes.com
363,Susan,Gonzalez,Accountant,57804,(895)662-9477,susangonzalez7478@dreamhomes.com
364,Betty,Robinson,Manager,118800,(787)073-3353,bettyrobinson2111@dreamhomes.com
365,Ashley,Gonzalez,Accountant,53981,(339)288-3868,ashleygonzalez5776@dreamhomes.com
366,Ashley,Gonzalez,Receptionist,33303,(489)164-4840,ashleygonzalez9337@dreamhomes.com
367,Thomas,Rodriguez,IT,105310,(333)799-412,thomasrodriguez8399@dreamhomes.com
368,Sarah,Ramirez,Sales,49411,(961)585-5574,sarahramirez8455@dreamhomes.com
369,Richard,Ramirez,Receptionist,37182,(460)190-2835,richardramirez9987@dreamhomes.com
370,Richard,Scott,Receptionist,34822,(801)587-056,richardscott8284@dreamhomes.com
371,Daniel,Scott,Accountant,55497,(103)730-4338,danielscott6325@dreamhomes.com
372,Jennifer,Taylor,Accountant,66333,(970)818-0934,jennifertaylor1932@dreamhomes.com
373,Elizabeth,Lee,Accountant,66635,(462)038-3422,elizabethlee6209@dreamhomes.com
374,Daniel,Thomas,IT,110790,(547)275-0526,danielthomas1700@dreamhomes.com
375,Joseph,Taylor,Sales,46306,(691)828-0678,josephtaylor3984@dreamhomes.com
376,Matthew,Martin,Sales,59177,(830)810-375,matthewmartin7279@dreamhomes.com
377,Steven,Perez,Manager,103206,(136)435-7967,stevenperez6187@dreamhomes.com
378,Patricia,Taylor,Sales,58737,(553)375-7965,patriciataylor9921@dreamhomes.com
379,Christopher,Moore,Manager,110890,(930)497-7363,christophermoore8712@dreamhomes.com
380,Daniel,Robinson,Manager,124824,(961)585-5574,danielrobinson1123@dreamhomes.com
381,Betty,White,IT,93148,(460)190-2835,bettywhite2655@dreamhomes.com
382,Elizabeth,Ramirez,Sales,52685,(116)215-2965,elizabethramirez4019@dreamhomes.com
383,Donald,Nguyen,Sales,47735,(821)640-4208,donaldnguyen4331@dreamhomes.com
384,Daniel,Torres,Accountant,65926,(131)043-554,danieltorres4711@dreamhomes.com
385,Susan,Anderson,IT,87513,(687)969-6692,susananderson2722@dreamhomes.com
386,Joseph,Brown,Manager,102488,(870)763-4131,josephbrown9134@dreamhomes.com
387,Joseph,Robinson,IT,93219,(226)302-0146,josephrobinson2041@dreamhomes.com
388,Dorothy,Williams,IT,80483,(230)753-6759,dorothywilliams3638@dreamhomes.com
389,Mark,Brown,Receptionist,34258,(389)943-9551,markbrown9574@dreamhomes.com
390,Anthony,Anderson,IT,80892,(440)812-201,anthonyanderson4449@dreamhomes.com
391,Thomas,Allen,IT,104664,(517)677-8995,thomasallen4327@dreamhomes.com
392,Matthew,Lewis,IT,97184,(211)311-1037,matthewlewis7678@dreamhomes.com
393,William,Allen,Receptionist,37150,(153)238-4395,williamallen2831@dreamhomes.com
394,Sarah,Thomas,IT,82063,(441)534-9481,sarahthomas6737@dreamhomes.com
395,John,Young,Sales,46597,(536)006-0073,johnyoung1453@dreamhomes.com
396,John,Hill,Sales,55621,(639)964-6653,johnhill4754@dreamhomes.com
397,Charles,Davis,Receptionist,32257,(602)535-0316,charlesdavis9472@dreamhomes.com
398,David,Allen,Accountant,55188,(915)715-5766,davidallen1133@dreamhomes.com
399,David,Young,Accountant,55627,(489)238-4155,davidyoung3156@dreamhomes.com
400,William,Hill,Receptionist,37320,(558)317-4278,williamhill2721@dreamhomes.com
401,Kimberly,Thompson,Accountant,52605,(440)812-201,kimberlythompson8702@dreamhomes.com
402,James,Rodriguez,IT,85436,(298)899-5186,jamesrodriguez1114@dreamhomes.com
403,Christopher,Lee,IT,82806,(568)649-84,christopherlee4746@dreamhomes.com
404,Daniel,Lewis,Accountant,59583,(695)192-0680,daniellewis3618@dreamhomes.com
405,Joshua,Williams,Accountant,64380,(115)568-8561,joshuawilliams2757@dreamhomes.com
406,Jessica,Allen,Receptionist,35401,(440)812-201,jessicaallen7666@dreamhomes.com
407,Linda,Thomas,IT,107885,(211)311-1037,lindathomas7234@dreamhomes.com
408,Christopher,Rodriguez,IT,88145,(374)122-2267,christopherrodriguez8621@dreamhomes.com
409,Andrew,Hill,Manager,129417,(184)042-342,andrewhill8201@dreamhomes.com
410,Richard,Smith,Manager,105629,(928)315-9592,richardsmith8594@dreamhomes.com
411,Margaret,Rodriguez,Sales,49215,(553)375-7965,margaretrodriguez7377@dreamhomes.com
412,Robert,Nguyen,Sales,57052,(998)593-7300,robertnguyen4088@dreamhomes.com
413,Emily,White,Receptionist,32977,(178)785-5457,emilywhite7466@dreamhomes.com
414,James,Gonzalez,IT,102313,(245)440-1812,jamesgonzalez5095@dreamhomes.com
415,Betty,Jackson,Manager,113927,(517)677-8995,bettyjackson4170@dreamhomes.com
416,Christopher,Jackson,Accountant,58598,(852)940-7016,christopherjackson1892@dreamhomes.com
417,Anthony,Taylor,Manager,113177,(605)414-0624,anthonytaylor4880@dreamhomes.com
418,Ashley,Rodriguez,Accountant,56268,(170)104-9183,ashleyrodriguez7897@dreamhomes.com
419,Ashley,Rodriguez,Sales,43792,(438)162-3023,ashleyrodriguez1432@dreamhomes.com
420,Margaret,Sanchez,Receptionist,38356,(503)636-3524,margaretsanchez9777@dreamhomes.com
421,James,Johnson,Sales,50437,(796)712-0271,jamesjohnson8839@dreamhomes.com
422,Daniel,Moore,Receptionist,32788,(168)788-1215,danielmoore3550@dreamhomes.com
423,Matthew,Clark,Receptionist,34493,(979)796-0500,matthewclark6326@dreamhomes.com
424,Andrew,Clark,IT,86164,(654)605-6734,andrewclark3020@dreamhomes.com
425,Emily,Perez,Manager,121713,(328)424-9466,emilyperez7218@dreamhomes.com
426,Betty,White,IT,117831,(689)799-6218,bettywhite3674@dreamhomes.com
427,David,Wright,Accountant,56104,(462)038-3422,davidwright8837@dreamhomes.com
428,Susan,Clark,Sales,57702,(305)078-5088,susanclark3369@dreamhomes.com
429,Andrew,Taylor,Manager,122563,(830)810-375,andrewtaylor9251@dreamhomes.com
430,Donald,Perez,Sales,45710,(222)862-0385,donaldperez2653@dreamhomes.com
431,Elizabeth,Brown,Receptionist,39255,(483)264-8822,elizabethbrown9159@dreamhomes.com
432,Jessica,Robinson,Accountant,61629,(742)872-8749,jessicarobinson5272@dreamhomes.com
433,Michael,King,IT,94774,(133)103-4796,michaelking3712@dreamhomes.com
434,Anthony,Lopez,Sales,50090,(930)497-7363,anthonylopez6799@dreamhomes.com
435,Karen,Nguyen,Receptionist,35712,(941)775-1533,karennguyen1877@dreamhomes.com
436,Anthony,Brown,Manager,99033,(103)476-3654,anthonybrown2069@dreamhomes.com
437,Thomas,Wilson,IT,82433,(481)134-2815,thomaswilson1069@dreamhomes.com
438,Paul,Garcia,IT,103020,(800)474-2906,paulgarcia3440@dreamhomes.com
439,Richard,Jones,Receptionist,37069,(226)302-0146,richardjones2870@dreamhomes.com
440,Steven,Garcia,Manager,114285,(363)307-8568,stevengarcia1021@dreamhomes.com
441,David,Lee,Accountant,60769,(236)674-6934,davidlee9970@dreamhomes.com
442,Linda,Taylor,Sales,51989,(834)623-5805,lindataylor3897@dreamhomes.com
443,Patricia,Garcia,Sales,56279,(868)273-6912,patriciagarcia5056@dreamhomes.com
444,Betty,King,IT,100381,(825)383-513,bettyking5755@dreamhomes.com
445,Matthew,Moore,Manager,102527,(225)604-9792,matthewmoore4121@dreamhomes.com
446,Lisa,White,Receptionist,31961,(165)782-3095,lisawhite4541@dreamhomes.com
447,Thomas,Rodriguez,Sales,52504,(610)863-755,thomasrodriguez6446@dreamhomes.com
448,Nancy,Wright,Manager,95588,(977)545-1233,nancywright6602@dreamhomes.com
449,Lisa,Rodriguez,Manager,109732,(527)759-9080,lisarodriguez3501@dreamhomes.com
450,Dorothy,Hernandez,IT,84084,(253)023-7104,dorothyhernandez9823@dreamhomes.com
451,Andrew,Brown,Accountant,54577,(299)195-6856,andrewbrown9077@dreamhomes.com
452,Margaret,Robinson,IT,81555,(636)886-2282,margaretrobinson7464@dreamhomes.com
453,Andrew,Allen,Receptionist,30335,(528)688-1488,andrewallen1871@dreamhomes.com
454,Mary,King,Accountant,60346,(363)307-8568,maryking4850@dreamhomes.com
455,Linda,Johnson,Receptionist,30051,(391)626-8015,lindajohnson6090@dreamhomes.com
456,Sandra,Perez,Accountant,69129,(593)422-4313,sandraperez7608@dreamhomes.com
457,Karen,Gonzalez,Sales,49154,(241)449-5273,karengonzalez5161@dreamhomes.com
458,Robert,Torres,Manager,98201,(741)996-2534,roberttorres8330@dreamhomes.com
459,Ashley,Gonzalez,Receptionist,35257,(864)928-3947,ashleygonzalez7269@dreamhomes.com
460,Robert,Nguyen,Accountant,52691,(884)310-0972,robertnguyen6495@dreamhomes.com
461,Lisa,Thompson,Receptionist,38783,(202)206-4045,lisathompson6674@dreamhomes.com
462,Emily,Wilson,Receptionist,31014,(941)775-1533,emilywilson1986@dreamhomes.com
463,Steven,Martinez,IT,115487,(298)362-4479,stevenmartinez9933@dreamhomes.com
464,Thomas,Hill,IT,112003,(357)828-9760,thomashill1985@dreamhomes.com
465,Elizabeth,Martinez,Manager,127927,(323)913-6702,elizabethmartinez4724@dreamhomes.com
466,Joseph,Lewis,IT,82793,(202)206-4045,josephlewis1353@dreamhomes.com
467,Linda,Thomas,Accountant,55157,(483)264-8822,lindathomas1201@dreamhomes.com
468,Andrew,Allen,Receptionist,39434,(201)278-9715,andrewallen1900@dreamhomes.com
469,Daniel,Wilson,Receptionist,31342,(985)852-6410,danielwilson1714@dreamhomes.com
470,Robert,Wilson,Manager,98355,(499)980-8588,robertwilson4760@dreamhomes.com
471,Andrew,Torres,Receptionist,37126,(457)579-677,andrewtorres1811@dreamhomes.com
472,Joseph,Young,IT,94395,(720)411-5106,josephyoung2256@dreamhomes.com
473,Richard,Jackson,Accountant,69320,(333)139-9589,richardjackson8187@dreamhomes.com
474,Susan,Sanchez,Receptionist,33093,(363)307-8568,susansanchez8857@dreamhomes.com
475,Jessica,Williams,Accountant,53533,(856)463-6713,jessicawilliams8038@dreamhomes.com
476,Charles,Garcia,IT,86262,(801)587-056,charlesgarcia5195@dreamhomes.com
477,Ashley,Harris,Receptionist,39650,(947)976-5855,ashleyharris9199@dreamhomes.com
478,Kimberly,Thompson,IT,117359,(720)411-5106,kimberlythompson3811@dreamhomes.com
479,Daniel,Rodriguez,Accountant,52412,(202)322-2039,danielrodriguez5039@dreamhomes.com
480,Linda,Young,Manager,110082,(528)688-1488,lindayoung5646@dreamhomes.com
481,Ashley,Young,Sales,48361,(345)585-0134,ashleyyoung1816@dreamhomes.com
482,Charles,Martin,Receptionist,32376,(575)529-5703,charlesmartin9481@dreamhomes.com
483,Karen,Garcia,Accountant,51864,(646)069-4385,karengarcia4859@dreamhomes.com
484,Sandra,Brown,Manager,118801,(689)799-6218,sandrabrown8605@dreamhomes.com
485,Lisa,Moore,Receptionist,32831,(899)182-6503,lisamoore6617@dreamhomes.com
486,Christopher,Robinson,Accountant,55570,(569)280-9018,christopherrobinson1403@dreamhomes.com
487,Linda,Moore,Manager,119105,(915)715-5766,lindamoore6162@dreamhomes.com
488,Sandra,Wilson,Manager,102905,(802)259-4902,sandrawilson2113@dreamhomes.com
489,Steven,Walker,Accountant,61900,(211)311-1037,stevenwalker2864@dreamhomes.com
490,Sarah,Anderson,Manager,111081,(796)712-0271,sarahanderson1861@dreamhomes.com
491,Paul,Jackson,Receptionist,36471,(345)585-0134,pauljackson4898@dreamhomes.com
492,Sandra,Thomas,Accountant,54307,(253)023-7104,sandrathomas6517@dreamhomes.com
493,Robert,Walker,Receptionist,30822,(946)780-034,robertwalker6972@dreamhomes.com
494,Dorothy,Sanchez,IT,115919,(560)116-0960,dorothysanchez6062@dreamhomes.com
495,Mary,Ramirez,Receptionist,30794,(136)435-7967,maryramirez9591@dreamhomes.com
496,Thomas,Jones,Accountant,50817,(133)103-4796,thomasjones2679@dreamhomes.com
497,Barbara,Davis,Sales,45593,(946)780-034,barbaradavis1286@dreamhomes.com
498,Barbara,Jackson,IT,90874,(321)694-7264,barbarajackson3060@dreamhomes.com
499,Betty,Martin,Manager,110886,(487)730-2388,bettymartin9414@dreamhomes.com
500,Nancy,White,Sales,53476,(610)863-755,nancywhite2102@dreamhomes.com
