ClientID,FirstName,LastName,DesiredTransactionType,Phone,Email,AddressID
1,Daniel,Lebedev,Rent,+7 638 6063 476,daniellebedev3283@yandex.ru,1
2,Charles,Jackson,Rent,(148) 512-0632,charlesjackson5006@yahoo.com,2
3,Steven,Taylor,Purchase,(226) 302-0146,steventaylor5027@gmail.com,3
4,Paul,Lewis,Rent,(888) 684-8962,paullewis5041@yahoo.com,4
5,Hao,Yang,Rent,+69 3331399589,haoyang4478@gmail.com,5
6,Sarah,Jackson,Rent,(121) 636-7394,sarahjackson7397@yahoo.com,6
7,Matthew,Martinez,Rent,(636) 886-2282,matthewmartinez4126@yahoo.com,7
8,Dorothy,Taylor,Purchase,(725) 762-5289,dorothytaylor8296@gmail.com,8
9,Donald,Wright,Purchase,(191) 445-3416,donaldwright1093@yahoo.com,9
10,Mary,Jackson,Purchase,(191) 445-3416,maryjackson3335@outlook.com,10
11,Matthew,Brown,Rent,(699) 471-1674,matthewbrown1539@yahoo.com,11
12,Ben,Muller,Rent,+49 460 190 2835,benmuller1370@yahoo.de,12
13,Margaret,Brown,Purchase,(870) 865-1607,margaretbrown7313@yahoo.com,13
14,Dorothy,Davis,Purchase,(115) 568-8561,dorothydavis7999@gmail.com,14
15,Richard,Thomas,Rent,(659) 733-8142,richardthomas9938@gmail.com,15
16,Lisa,Ramirez,Purchase,(480) 002-1077,lisaramirez9302@outlook.com,16
17,Richard,Allen,Rent,(884) 310-0972,richardallen5943@outlook.com,17
18,Mary,Miller,Rent,(328) 424-9466,marymiller3179@outlook.com,18
19,Lisa,Davis,Purchase,(593) 188-7967,lisadavis4147@gmail.com,19
20,Alexander,Lebedev,Rent,+7 754 6811 172,alexanderlebedev9767@mail.ru,1
21,Charles,Martinez,Purchase,(365) 510-4677,charlesmartinez7591@gmail.com,20
22,Linda,King,Rent,(821) 640-4208,lindaking6885@yahoo.com,21
23,Barbara,Garcia,Purchase,(115) 568-8561,barbaragarcia2755@outlook.com,22
24,Lisa,Williams,Purchase,(165) 782-3095,lisawilliams1196@yahoo.com,23
25,Lisa,Thomas,Purchase,(973) 797-8635,lisathomas1295@gmail.com,24
26,Steven,Davis,Rent,(928) 315-9592,stevendavis3349@gmail.com,25
27,Joshua,Thompson,Rent,+83 830810375,joshuathompson3407@outlook.com,26
28,Patricia,Ramirez,Purchase,(103) 730-4338,patriciaramirez8502@gmail.com,27
29,Adrian,Diaz,Purchase,+34 17 937 13306,adriandiaz8517@yahoo.es,28
30,Patricia,Harris,Rent,+14 206090843,patriciaharris4074@gmail.com,29
31,Betty,Martin,Rent,(687) 969-6692,bettymartin8081@gmail.com,30
32,Charlie,Robinson,Purchase,+44 3455 850 134,charlierobinson8049@gmail.com,31
33,Paul,Wright,Rent,(357) 828-9760,paulwright2446@outlook.com,32
34,Jennifer,Perez,Purchase,(490) 939-8032,jenniferperez2708@gmail.com,33
35,Donald,Brown,Purchase,(397) 368-6579,donaldbrown6228@gmail.com,34
36,Betty,Robinson,Rent,(115) 568-8561,bettyrobinson7274@gmail.com,35
37,Milan,Bakker,Rent,+31 49 0939 8032,milanbakker5130@hotmail.nl,36
38,Andrew,King,Purchase,(103) 476-3654,andrewking5365@outlook.com,37
39,Thomas,Clark,Purchase,(527) 759-9080,thomasclark4185@outlook.com,38
40,Daniel,Martinez,Rent,(517) 677-8995,danielmartinez1322@gmail.com,39
41,Ethan,Martin,Rent,+33 3 455 850134,ethanmartin5768@orange.fr,40
42,Sarah,Brown,Purchase,(118) 959-5921,sarahbrown9424@yahoo.com,41
43,Kimberly,Martin,Purchase,(589) 852-6655,kimberlymartin3487@outlook.com,42
44,David,Thompson,Rent,(800) 474-2906,davidthompson2014@yahoo.com,43
45,James,Scott,Rent,(946) 508-9517,jamesscott5064@outlook.com,44
46,Jennifer,Clark,Purchase,(133) 103-4796,jenniferclark3220@yahoo.com,45
47,Andrew,Sanchez,Rent,(928) 315-9592,andrewsanchez1744@gmail.com,46
48,Steven,Lopez,Rent,(636) 886-2282,stevenlopez6825@yahoo.com,47
49,James,Ramirez,Rent,(946) 508-9517,jamesramirez6547@outlook.com,48
50,Lisa,Allen,Purchase,+71 131043554,lisaallen4240@outlook.com,49
51,Mateo,Jimenez,Rent,+34 51 664 68848,mateojimenez6695@hotmail.es,28
52,Lucas,Williams,Purchase,+61 1 914 453416,lucaswilliams4905@outlook.com,50
53,Margaret,Thompson,Purchase,(769) 120-8463,margaretthompson9654@yahoo.com,51
54,Barbara,Lopez,Rent,(153) 238-4395,barbaralopez3630@outlook.com,52
55,Barbara,Lewis,Purchase,(483) 264-8822,barbaralewis6658@outlook.com,53
56,James,Miller,Rent,(830) 685-5515,jamesmiller4669@gmail.com,54
57,James,Wilson,Rent,(769) 120-8463,jameswilson7498@gmail.com,55
58,Thomas,Martin,Purchase,+61 9 656 933392,thomasmartin8982@outlook.com,50
59,Christopher,Johnson,Purchase,(463) 970-8414,christopherjohnson8260@gmail.com,56
60,Nancy,Brown,Rent,(979) 796-0500,nancybrown1660@outlook.com,57
61,Margaret,Allen,Purchase,(745) 945-4698,margaretallen7900@yahoo.com,58
62,Jae-won,Kim,Rent,+82 33 1380 4506,jae-wonkim4981@naver.com,59
63,Richard,Scott,Purchase,(737) 842-7446,richardscott6810@yahoo.com,60
64,Ryuto,Kato,Purchase,+81 40 1319 9033,ryutokato8363@hotmail.co.jp,61
65,Karen,Robinson,Purchase,(153) 032-6058,karenrobinson9681@yahoo.com,62
66,Steven,Gonzalez,Rent,(420) 314-5790,stevengonzalez2634@gmail.com,63
67,Sandra,Moore,Purchase,(557) 126-8309,sandramoore8421@outlook.com,64
68,Alessandro,Bianchi,Purchase,+39 32 8424 9466,alessandrobianchi1269@yahoo.it,65
69,Robert,Allen,Purchase,(147) 128-8249,robertallen8718@gmail.com,66
70,Mary,Lee,Purchase,+19 875142536,marylee6912@gmail.com,67
71,Heitor,Lima,Purchase,+55 24 14495 273,heitorlima1717@yahoo.com.br,68
72,Elizabeth,Jackson,Purchase,(558) 317-4278,elizabethjackson7094@yahoo.com,69
73,John,Thomas,Rent,(769) 120-8463,johnthomas1452@outlook.com,70
74,Kimberly,Walker,Rent,(179) 371-3306,kimberlywalker6025@yahoo.com,71
75,Mark,Rodriguez,Rent,(696) 922-2731,markrodriguez5483@gmail.com,72
76,John,Martinez,Purchase,(997) 372-5796,johnmartinez6418@gmail.com,73
77,Jorge,Garcia,Rent,+52 11 3515 0730,jorgegarcia2268@gmail.com,74
78,Robert,Thomas,Rent,(481) 134-2815,robertthomas5572@outlook.com,75
79,Patricia,Williams,Purchase,(804) 119-1177,patriciawilliams3920@yahoo.com,76
80,Elizabeth,Brown,Purchase,(191) 445-3416,elizabethbrown5638@gmail.com,77
81,Sota,Tanaka,Rent,+81 37 7923 0954,sotatanaka4306@gmail.com,61
82,Steven,Miller,Rent,(516) 646-8848,stevenmiller6679@outlook.com,78
83,Anthony,Wilson,Purchase,(851) 319-7503,anthonywilson4361@gmail.com,79
84,Betty,Harris,Rent,(593) 422-4313,bettyharris3351@gmail.com,80
85,Emily,Walker,Rent,(211) 311-1037,emilywalker9076@outlook.com,81
86,David,Lopez,Purchase,(930) 497-7363,davidlopez8964@gmail.com,82
87,Andrew,White,Purchase,(176) 033-0414,andrewwhite6286@yahoo.com,83
88,Mary,Wilson,Rent,(676) 398-7481,marywilson5015@outlook.com,84
89,Elizabeth,Lee,Purchase,(870) 865-1607,elizabethlee4451@yahoo.com,85
90,Thomas,Hernandez,Purchase,(796) 727-3536,thomashernandez4624@outlook.com,86
91,Karen,Moore,Rent,+98 678378982,karenmoore7159@gmail.com,87
92,Barbara,Lee,Rent,(946) 508-9517,barbaralee7854@outlook.com,88
93,Henry,Smith,Purchase,+44 9465 089 517,henrysmith9352@outlook.com,31
94,Daniel,King,Rent,(275) 676-2338,danielking5430@outlook.com,89
95,Donald,Thomas,Purchase,(310) 084-6393,donaldthomas2636@gmail.com,90
96,Raphael,Leroy,Rent,+33 9 479 765855,raphaelleroy5427@yahoo.fr,40
97,Nancy,Allen,Rent,(636) 886-2282,nancyallen6674@gmail.com,91
98,Elizabeth,Scott,Purchase,(222) 862-0385,elizabethscott2752@gmail.com,92
99,Margaret,Thomas,Purchase,(497) 129-8432,margaretthomas1603@outlook.com,93
100,Jessica,Harris,Purchase,(930) 899-8276,jessicaharris4007@yahoo.com,94
101,Barbara,White,Purchase,(515) 416-1513,barbarawhite2232@yahoo.com,95
102,Joshua,Scott,Rent,+77 875142536,joshuascott7410@yahoo.com,96
103,Matthew,Walker,Purchase,(602) 515-9739,matthewwalker4496@gmail.com,97
104,Barbara,Harris,Rent,(143) 269-2842,barbaraharris3655@gmail.com,98
105,Lisa,Torres,Purchase,(946) 508-9517,lisatorres2514@yahoo.com,99
106,Kimberly,Jones,Purchase,(262) 772-0452,kimberlyjones4976@outlook.com,100
107,Kimberly,Robinson,Purchase,(389) 943-9551,kimberlyrobinson6358@gmail.com,101
108,Mehmet,Kilic,Rent,+90 103 730 4338,mehmetkilic7452@hotmail.com,102
109,Donald,King,Rent,(716) 115-9475,donaldking4390@yahoo.com,103
110,Ashley,Scott,Purchase,(391) 626-8015,ashleyscott3331@outlook.com,104
111,Joshua,Taylor,Purchase,(113) 515-0730,joshuataylor5139@yahoo.com,105
112,Mateo,Diaz,Purchase,+34 97 754 51233,mateodiaz8464@hotmail.es,28
113,Ashley,Jackson,Purchase,(870) 865-1607,ashleyjackson4767@yahoo.com,106
114,Mateo,Fernandez,Rent,+54 81 8115 7238,mateofernandez2757@gmail.com,107
115,Lisa,Brown,Rent,(225) 604-9792,lisabrown5657@yahoo.com,108
116,Robert,Wright,Purchase,(454) 544-6324,robertwright1345@outlook.com,109
117,Christopher,Wilson,Rent,(989) 386-5277,christopherwilson2511@yahoo.com,110
118,Barbara,King,Purchase,(985) 363-5294,barbaraking6364@outlook.com,111
119,Karen,Sanchez,Purchase,(328) 272-7234,karensanchez2964@yahoo.com,112
120,Michael,Anderson,Purchase,(720) 886-2535,michaelanderson2517@yahoo.com,113
121,Michael,Moore,Purchase,(225) 915-6969,michaelmoore4738@gmail.com,114
122,Jennifer,Walker,Purchase,(639) 813-4835,jenniferwalker9170@yahoo.com,115
123,Steven,Ramirez,Rent,(693) 267-0197,stevenramirez7737@outlook.com,116
124,Jorge,Torres,Rent,+12 801587056,jorgetorres7432@gmail.com,74
125,Jennifer,Rodriguez,Rent,(442) 728-3774,jenniferrodriguez5264@yahoo.com,117
126,Leonardo,Esposito,Purchase,+39 37 7923 0954,leonardoesposito6791@yahoo.it,65
127,Paul,Thomas,Purchase,(233) 410-2621,paulthomas7494@outlook.com,118
128,Margaret,Ramirez,Purchase,(374) 122-2267,margaretramirez1504@outlook.com,119
129,Kimberly,Lewis,Rent,(153) 032-6058,kimberlylewis3062@gmail.com,120
130,Barbara,Ramirez,Purchase,(481) 134-2815,barbararamirez4605@outlook.com,121
131,David,Young,Purchase,(760) 856-8294,davidyoung9249@outlook.com,122
132,Ashley,Allen,Rent,(260) 918-9778,ashleyallen2865@outlook.com,123
133,Barbara,Smith,Rent,(639) 813-4835,barbarasmith2260@yahoo.com,124
134,Matias,Gonzalez,Rent,+54 12 8365 0548,matiasgonzalez7593@yahoo.com.ar,107
135,Elizabeth,Thomas,Rent,(260) 918-9778,elizabeththomas8530@gmail.com,125
136,Ji-ho,Kim,Rent,+82 53 0156 1552,ji-hokim2560@daum.net,59
137,Jessica,Rodriguez,Rent,(133) 103-4796,jessicarodriguez3896@yahoo.com,126
138,Michael,Jackson,Purchase,(357) 828-9760,michaeljackson1296@outlook.com,127
139,Joseph,King,Rent,(796) 712-0271,josephking6334@outlook.com,128
140,Richard,Hill,Purchase,+33 56864984,richardhill8642@gmail.com,129
141,Barbara,Clark,Rent,(851) 319-7503,barbaraclark5555@yahoo.com,130
142,Steven,Lewis,Rent,(148) 512-0632,stevenlewis8528@outlook.com,131
143,Dmitry,Lebedev,Rent,+7 769 1208 463,dmitrylebedev7739@gmail.com,1
144,Robert,King,Purchase,(851) 319-7503,robertking8721@outlook.com,132
145,Barbara,Anderson,Purchase,(270) 327-9742,barbaraanderson4130@gmail.com,133
146,Joseph,Hernandez,Purchase,(183) 559-9090,josephhernandez8336@outlook.com,134
147,Charles,Thomas,Purchase,(123) 369-1215,charlesthomas9758@gmail.com,135
148,Elizabeth,Clark,Rent,(741) 996-2534,elizabethclark2505@outlook.com,136
149,Ahmet,Aydin,Rent,+90 669 551 8254,ahmetaydin4195@yahoo.com,102
150,Steven,Robinson,Purchase,(982) 906-2936,stevenrobinson8885@outlook.com,137
151,James,Lopez,Purchase,(769) 882-7418,jameslopez9349@yahoo.com,138
152,Riccardo,Marino,Rent,+39 44 1534 9481,riccardomarino8409@libero.it,65
153,Mark,Torres,Purchase,(802) 259-4902,marktorres4309@gmail.com,139
154,Andrey,Popov,Purchase,+7 699 4711 674,andreypopov6700@mail.ru,1
155,Lucas,Diaz,Purchase,+34 32 997 42035,lucasdiaz2623@hotmail.es,28
156,Jessica,Brown,Rent,(802) 259-4902,jessicabrown9879@yahoo.com,140
157,Kimberly,King,Rent,(497) 129-8432,kimberlyking8725@gmail.com,141
158,Oliver,Johnson,Purchase,(412) 740-6182,oliverjohnson3731@outlook.com,142
159,Joseph,Johnson,Purchase,(483) 418-5987,josephjohnson8708@outlook.com,143
160,Andrew,Clark,Rent,(310) 500-1505,andrewclark5392@outlook.com,144
161,Mary,Young,Purchase,(288) 712-2031,maryyoung5814@yahoo.com,145
162,Sandra,Sanchez,Purchase,(191) 445-3416,sandrasanchez4567@yahoo.com,146
163,Matthew,King,Purchase,(133) 103-4796,matthewking2711@outlook.com,147
164,Charles,Perez,Rent,(320) 742-0171,charlesperez5481@gmail.com,148
165,Daniel,Thompson,Purchase,(605) 414-0624,danielthompson6413@gmail.com,149
166,Betty,Anderson,Purchase,(997) 372-5796,bettyanderson6735@yahoo.com,150
167,Oliver,Roy,Purchase,(191) 445-3416,oliverroy4608@outlook.com,142
168,Oliver,Jones,Rent,+61 5 692 809018,oliverjones7462@outlook.com,50
169,Emily,Rodriguez,Purchase,(260) 918-9778,emilyrodriguez7830@yahoo.com,151
170,David,Nguyen,Rent,(969) 456-9288,davidnguyen6367@outlook.com,152
171,Samuel,Jones,Purchase,+44 9853 635 294,samueljones7885@gmail.com,31
172,Linda,Jones,Purchase,(499) 980-8588,lindajones9958@yahoo.com,153
173,Robert,Torres,Purchase,(331) 380-4506,roberttorres5194@gmail.com,154
174,Andrew,Wright,Rent,(593) 422-4313,andrewwright7507@yahoo.com,155
175,Thomas,Miller,Purchase,(834) 623-5805,thomasmiller4318@outlook.com,156
176,Barbara,Torres,Rent,(947) 976-5855,barbaratorres1073@outlook.com,157
177,Jacob,Robinson,Rent,+44 8956 629 477,jacobrobinson8141@outlook.com,31
178,Arjun,Reddy,Purchase,+91 65 4605 6734,arjunreddy2490@rediffmail.com,158
179,William,Wright,Rent,+44 8513 197 503,williamwright2073@yahoo.co.uk,31
180,Paul,Fischer,Purchase,+49 696 922 2731,paulfischer3841@yahoo.de,12
181,Joshua,Lewis,Rent,(851) 319-7503,joshualewis1727@outlook.com,159
182,Anthony,Hill,Purchase,(699) 471-1674,anthonyhill5170@gmail.com,160
183,Karen,Wilson,Purchase,(328) 424-9466,karenwilson8910@outlook.com,161
184,Dorothy,Perez,Rent,(367) 237-3822,dorothyperez2388@outlook.com,162
185,David,Lee,Rent,(742) 872-8749,davidlee5062@outlook.com,163
186,John,Ramirez,Rent,(639) 964-6653,johnramirez3665@yahoo.com,164
187,Betty,Torres,Rent,(123) 369-1215,bettytorres6530@yahoo.com,165
188,Mark,Gonzalez,Rent,(265) 042-5248,markgonzalez3315@yahoo.com,166
189,Adrian,Garcia,Purchase,+34 46 203 83422,adriangarcia9336@gmail.com,28
190,Thomas,Lee,Purchase,(716) 115-9475,thomaslee2869@yahoo.com,167
191,Charles,Brown,Rent,(796) 727-3536,charlesbrown3666@yahoo.com,168
192,Joshua,Brown,Purchase,+15 603870389,joshuabrown1689@gmail.com,169
193,Emily,Martinez,Purchase,+73 732367182,emilymartinez8856@outlook.com,170
194,Andrew,Ramirez,Rent,(320) 742-0171,andrewramirez6706@yahoo.com,171
195,John,Moore,Purchase,(131) 180-4424,johnmoore3995@gmail.com,172
196,Dorothy,Hernandez,Purchase,(564) 225-0647,dorothyhernandez8476@outlook.com,173
197,Emily,Clark,Purchase,(438) 162-3023,emilyclark1208@yahoo.com,174
198,Steven,Hill,Rent,(516) 646-8848,stevenhill1360@yahoo.com,175
199,Francisco,Gonzalez,Rent,+52 22 6302 0146,franciscogonzalez2583@hotmail.com,74
200,Jennifer,Gonzalez,Rent,+81 678378982,jennifergonzalez8626@outlook.com,176
201,Donald,Johnson,Rent,(800) 038-1166,donaldjohnson3252@outlook.com,177
202,Steven,Wilson,Rent,(621) 694-7976,stevenwilson1042@outlook.com,178
203,Linda,Anderson,Purchase,(961) 585-5574,lindaanderson3348@yahoo.com,179
204,Elizabeth,Smith,Purchase,(969) 456-9288,elizabethsmith2050@gmail.com,180
205,Lisa,Rodriguez,Purchase,(330) 126-5897,lisarodriguez8998@yahoo.com,181
206,Jessica,Thompson,Rent,(553) 375-7965,jessicathompson6214@gmail.com,182
207,Daniel,Garcia,Purchase,+71 801587056,danielgarcia4477@gmail.com,183
208,Betty,Lee,Rent,(153) 032-6058,bettylee2562@outlook.com,184
209,Jennifer,Wilson,Rent,(211) 311-1037,jenniferwilson1250@outlook.com,185
210,Barbara,Miller,Purchase,(201) 423-6778,barbaramiller7809@gmail.com,186
211,Donald,Scott,Purchase,(888) 684-8962,donaldscott6858@gmail.com,187
212,Paul,Walker,Rent,+62 456926899,paulwalker1257@gmail.com,188
213,Nancy,Smith,Purchase,(230) 753-6759,nancysmith7223@gmail.com,189
214,Anthony,Allen,Purchase,(712) 601-0153,anthonyallen2919@outlook.com,190
215,Barbara,Allen,Purchase,(168) 788-1215,barbaraallen7920@yahoo.com,191
216,Daniel,Williams,Purchase,(276) 546-0452,danielwilliams3824@outlook.com,192
217,Andrew,Wilson,Rent,(323) 913-6702,andrewwilson3103@outlook.com,193
218,Ashley,Clark,Rent,(444) 928-9337,ashleyclark7937@yahoo.com,194
219,Karen,Miller,Purchase,(517) 677-8995,karenmiller2016@yahoo.com,195
220,Susan,Wright,Purchase,(490) 939-8032,susanwright6682@gmail.com,196
221,Sandra,Robinson,Rent,(745) 945-4698,sandrarobinson1359@yahoo.com,197
222,Lisa,Scott,Rent,(397) 368-6579,lisascott2427@outlook.com,198
223,Nancy,Young,Rent,(113) 515-0730,nancyyoung9673@yahoo.com,199
224,Linda,Brown,Rent,(800) 038-1166,lindabrown7014@yahoo.com,200
225,Anthony,Rodriguez,Purchase,(870) 763-4131,anthonyrodriguez7198@gmail.com,201
226,William,Scott,Rent,(602) 535-0316,williamscott5704@gmail.com,202
227,Richard,Gonzalez,Purchase,(226) 302-0146,richardgonzalez7372@gmail.com,203
228,David,Wilson,Purchase,(830) 685-5515,davidwilson6175@gmail.com,204
229,Daniel,Wilson,Purchase,(800) 038-1166,danielwilson7265@gmail.com,205
230,Gabriel,Dubois,Rent,+33 7 459 454698,gabrieldubois8289@gmail.com,40
231,Lucas,Almeida,Rent,+61 689087893,lucasalmeida7506@hotmail.com,68
232,Thomas,King,Rent,(769) 882-7418,thomasking7269@outlook.com,206
233,Kimberly,Taylor,Purchase,(870) 865-1607,kimberlytaylor6104@gmail.com,207
234,Miguel,Rodrigues,Purchase,+55 42 03145 790,miguelrodrigues5029@yahoo.com.br,68
235,Kimberly,Rodriguez,Rent,(323) 913-6702,kimberlyrodriguez8196@outlook.com,208
236,Susan,Martinez,Rent,(123) 369-1215,susanmartinez3663@gmail.com,209
237,Daniel,Walker,Purchase,(921) 937-2882,danielwalker7531@gmail.com,210
238,Oliver,MacDonald,Rent,+38 269071014,olivermacdonald4984@outlook.com,142
239,Linda,Rodriguez,Rent,(998) 593-7300,lindarodriguez5483@gmail.com,211
240,Richard,Sanchez,Purchase,(330) 126-5897,richardsanchez8448@gmail.com,212
241,Thomas,Jackson,Rent,(337) 101-2081,thomasjackson9535@gmail.com,213
242,Charles,Davis,Purchase,(103) 730-4338,charlesdavis8864@yahoo.com,214
243,Ethan,Dubois,Rent,+33 2 756 762338,ethandubois9792@gmail.com,40
244,Arthur,Souza,Rent,+55 44 15349 481,arthursouza9422@hotmail.com,68
245,James,Davis,Rent,(802) 259-4902,jamesdavis1496@outlook.com,215
246,Logan,Brown,Rent,+51 946780034,loganbrown8816@gmail.com,142
247,Sandra,Allen,Purchase,(602) 535-0316,sandraallen7174@yahoo.com,216
248,Carlos,Sanchez,Rent,+52 56 9280 9018,carlossanchez1404@hotmail.com,74
249,Sarah,Garcia,Purchase,(331) 380-4506,sarahgarcia4734@yahoo.com,217
250,Sandra,Scott,Rent,(696) 922-2731,sandrascott9278@yahoo.com,218
251,Donald,Nguyen,Purchase,(997) 372-5796,donaldnguyen5631@yahoo.com,219
252,Nancy,Ramirez,Rent,+58 131043554,nancyramirez2783@outlook.com,220
253,Matthew,Wright,Purchase,(553) 375-7965,matthewwright5586@outlook.com,221
254,Richard,Garcia,Purchase,(260) 918-9778,richardgarcia6532@yahoo.com,222
255,Thomas,Perez,Purchase,(121) 636-7394,thomasperez1848@gmail.com,223
256,Thomas,Wright,Purchase,(970) 818-0934,thomaswright6056@yahoo.com,224
257,Charles,Allen,Purchase,(982) 906-2936,charlesallen3585@gmail.com,225
258,William,Lopez,Purchase,(997) 372-5796,williamlopez2604@yahoo.com,226
259,William,Torres,Purchase,(270) 327-9742,williamtorres4723@outlook.com,227
260,Leonardo,Rodriguez,Rent,+54 46 2038 3422,leonardorodriguez2848@yahoo.com.ar,107
261,Steven,Rodriguez,Rent,(621) 694-7976,stevenrodriguez4801@yahoo.com,228
262,Linda,Harris,Purchase,(980) 298-0110,lindaharris4625@gmail.com,229
263,Jessica,Young,Rent,(899) 182-6503,jessicayoung2457@outlook.com,230
264,Jennifer,Johnson,Purchase,(405) 307-1287,jenniferjohnson1912@yahoo.com,231
265,Thomas,Wilson,Purchase,(696) 922-2731,thomaswilson2208@gmail.com,232
266,Susan,Smith,Purchase,(170) 355-4516,susansmith7707@yahoo.com,233
267,Robert,White,Purchase,+49 946780034,robertwhite1525@yahoo.com,234
268,Julian,Wagner,Rent,+49 147 128 8249,julianwagner4312@web.de,12
269,Joshua,King,Purchase,(851) 319-7503,joshuaking3491@outlook.com,235
270,Arthur,Petit,Purchase,+33 9 737 978635,arthurpetit8042@gmail.com,40
271,James,Johnson,Purchase,(148) 512-0632,jamesjohnson9725@gmail.com,236
272,Steven,Scott,Rent,(268) 349-8923,stevenscott8183@gmail.com,237
273,Christopher,Young,Rent,(560) 116-0960,christopheryoung6308@yahoo.com,238
274,Jessica,Miller,Purchase,(276) 546-0452,jessicamiller5834@yahoo.com,239
275,Mark,Brown,Purchase,(323) 913-6702,markbrown6789@gmail.com,240
276,Jack,Johnson,Purchase,+61 1 701 049183,jackjohnson2510@gmail.com,50
277,Sota,Ito,Rent,+81 99 8439 1603,sotaito4107@hotmail.co.jp,61
278,Nancy,Clark,Purchase,+26 649323252,nancyclark6154@outlook.com,241
279,Mary,Davis,Rent,(870) 865-1607,marydavis6478@outlook.com,242
280,Dylan,Rodriguez,Rent,+54 54 7275 0526,dylanrodriguez1989@yahoo.com.ar,107
281,Paul,Nguyen,Purchase,(236) 674-6934,paulnguyen9890@gmail.com,243
282,Andrew,Young,Purchase,+48 801587056,andrewyoung5011@gmail.com,244
283,Kimberly,Anderson,Purchase,(593) 188-7967,kimberlyanderson8291@outlook.com,245
284,Anthony,Scott,Purchase,(921) 937-2882,anthonyscott6153@yahoo.com,246
285,Nancy,Lee,Rent,(253) 023-7104,nancylee5546@gmail.com,247
286,Paul,Davis,Rent,(676) 398-7481,pauldavis9164@gmail.com,248
287,Susan,Jackson,Purchase,+28 649323252,susanjackson7564@yahoo.com,249
288,Charles,Lee,Purchase,(965) 693-3392,charleslee3977@outlook.com,250
289,Thomas,Lopez,Rent,(328) 424-9466,thomaslopez4808@gmail.com,251
290,William,Anderson,Rent,(941) 775-1533,williamanderson6141@outlook.com,252
291,Omer,Celik,Rent,+90 425 390 0799,omercelik7616@gmail.com,102
292,Yuki,Takahashi,Purchase,+81 20 1423 6778,yukitakahashi8407@gmail.com,61
293,Betty,Walker,Rent,(225) 604-9792,bettywalker2118@yahoo.com,253
294,Sai,Patel,Purchase,+91 24 5440 1812,saipatel2156@yahoo.co.in,158
295,Emily,Scott,Rent,(515) 297-9403,emilyscott4852@outlook.com,254
296,Andrew,Hernandez,Rent,(985) 363-5294,andrewhernandez9274@gmail.com,255
297,Anthony,Jones,Purchase,+22 830810375,anthonyjones3865@gmail.com,256
298,Daniel,Sanchez,Rent,(178) 785-5457,danielsanchez8287@gmail.com,257
299,Joshua,White,Rent,(260) 918-9778,joshuawhite1747@outlook.com,258
300,Linda,Lee,Rent,(669) 551-8254,lindalee1008@gmail.com,259
